id,plate_text,owner_name,vehicle_desc,registered_at
1,91부5506,입주사_01,정기권,2026-08-30 00:00:00
2,41부2679,입주사_02,정기권,2026-08-30 00:00:00
3,96초7912,입주사_03,정기권,2026-08-30 00:00:00
4,14하4811,입주사_04,정기권,2026-08-30 00:00:00
5,74오4257,입주사_05,정기권,2026-08-30 00:00:00
6,818거8359,입주사_06,정기권,2026-08-30 00:00:00
7,85수3615,입주사_07,정기권,2026-08-30 00:00:00
8,532러3547,입주사_08,정기권,2026-08-30 00:00:00
9,881사2519,입주사_09,정기권,2026-08-30 00:00:00
10,199푸6635,입주사_10,정기권,2026-08-30 00:00:00
11,87무8527,입주사_11,정기권,2026-08-30 00:00:00
12,227바5803,입주사_12,정기권,2026-08-30 00:00:00
13,733조4150,입주사_13,정기권,2026-08-30 00:00:00
14,18우5741,입주사_14,정기권,2026-08-30 00:00:00
15,20후2654,입주사_15,정기권,2026-08-30 00:00:00
16,384포6977,입주사_16,정기권,2026-08-30 00:00:00
17,479하5374,입주사_17,정기권,2026-08-30 00:00:00
18,99코3803,입주사_18,정기권,2026-08-30 00:00:00
19,78카8573,입주사_19,정기권,2026-08-30 00:00:00
20,58누6313,입주사_20,정기권,2026-08-30 00:00:00
21,17추6168,입주사_21,정기권,2026-08-30 00:00:00
22,61하6155,입주사_22,정기권,2026-08-30 00:00:00
23,771터8517,입주사_23,정기권,2026-08-30 00:00:00
24,28너9830,입주사_24,정기권,2026-08-30 00:00:00
25,864초7543,입주사_25,정기권,2026-08-30 00:00:00
26,56모9085,입주사_26,정기권,2026-08-30 00:00:00
27,21후2796,입주사_27,정기권,2026-08-30 00:00:00
28,29주7916,입주사_28,정기권,2026-08-30 00:00:00
29,165커8668,입주사_29,정기권,2026-08-30 00:00:00
30,77누2876,입주사_30,정기권,2026-08-30 00:00:00
31,649우6573,입주사_31,정기권,2026-08-30 00:00:00
32,400카8433,입주사_32,정기권,2026-08-30 00:00:00
33,839모3927,입주사_33,정기권,2026-08-30 00:00:00
34,208투9317,입주사_34,정기권,2026-08-30 00:00:00
35,87처3646,입주사_35,정기권,2026-08-30 00:00:00
36,79코6310,입주사_36,정기권,2026-08-30 00:00:00
37,72처6038,입주사_37,정기권,2026-08-30 00:00:00
38,40조2290,입주사_38,정기권,2026-08-30 00:00:00
39,849쿠2133,입주사_39,정기권,2026-08-30 00:00:00
40,78자8787,입주사_40,정기권,2026-08-30 00:00:00
